{"cameraMode":{"drawMode":0,"name":"Shaded","section":"Shading Mode"},"sceneLighting":true,"audioPlay":false,"sceneViewState":{"m_AlwaysRefresh":false,"showFog":true,"showSkybox":true,"showFlares":true,"showImageEffects":true,"showParticleSystems":true,"showVisualEffectGraphs":true,"m_FxEnabled":true},"in2DMode":false,"pivot":{"x":67.8700942993164,"y":374.12249755859377,"z":-406.8375244140625},"rotation":{"x":-0.00011054390779463574,"y":-0.9997374415397644,"z":0.019810011610388757,"w":-0.018028588965535165},"size":909.3898315429688,"orthographic":false}